"geo_label_citystate","strata_race_label","strata_sex_label","All Cancer Deaths","Lung Cancer Deaths","Colorectal Cancer Deaths","Cardiovascular Disease Deaths","Heart Disease Deaths","Diabetes Deaths","Deaths from All Causes","Premature Death","Life Expectancy","Gun Deaths (Firearms)","Injury Deaths","Motor Vehicle Deaths","Homicides","Pneumonia or Influenza Deaths","HIV-Related Deaths","COVID-19 Deaths","Opioid Overdose Deaths","Suicide","Drug Overdose Deaths"
"Washington, DC","Black","Female",171.1744792,29.78522188,15.42614201,273.3431453,193.4450618,26.65195334,918.995509,10484.97218,75.62220051,11.33449453,115.5394702,9.161219738,13.16168555,9.632477117,8.461436128,10.31408341,53.95477266,4.328965586,71.2503667
"Louisville, KY","White","Female",144.2018141,38.94634606,8.592708053,187.2487421,143.5479842,13.88036392,801.7722662,7423.894393,78.76938429,5.437198685,83.21499702,7.194558825,3.588796111,9.316232099,0,11.10901293,41.17791826,8.284470843,48.58311266
"San Antonio, TX","White","Male",224.9577509,47.86604843,21.15187447,0,307.6296652,0,0,12573.94859,71.40626296,32.21558439,155.7576305,20.02421872,9.538153033,15.04685198,5.192653255,23.75363972,30.90267193,43.42200893,51.50741953
"Kansas City, MO","White","Female",118.1288808,26.15264469,9.159903176,162.5485543,124.0481418,10.4742021,640.4360691,4941.826676,82.38379399,5.474061277,60.17945748,7.671762218,3.837621217,10.15181944,0,10.36386303,16.29297077,6.419849387,25.63274291
"Dallas, TX","Black","Female",137.6985732,25.10763367,13.64681082,231.4369613,167.9115613,31.72381342,749.1853075,8533.647901,78.9333726,7.738354372,59.40657361,12.42310836,9.384979038,7.701183625,5.677702617,0,9.582129588,2.967141552,25.00821405
"El Paso, TX","White","Female",153.9429046,23.67587765,11.16294112,227.9237097,181.0854178,20.61538409,0,8412.772378,77.87644435,0,67.80685847,0,0,10.45489831,0,0,21.32499719,0,32.90152447
"Oakland, CA","Black","Male",194.2186836,42.49237614,18.31926581,386.2575687,262.1521116,66.93273268,1370.992323,19203.64137,67.56678458,96.72184987,303.5706708,28.96163828,91.75936881,0,9.117510452,0,98.63048997,21.7851066,136.6178441
"Charlotte, NC","Hispanic","Male",126.8476,0,0,231.7167977,176.1294715,11.42885732,991.3084486,7553.93132,77.55747889,16.48085354,102.5943195,29.15940957,16.98426858,0,0,0,30.59670798,8.356429746,35.68088694
"San Diego, CA","Asian/PI","Male",114.5127403,25.76315022,12.517137,150.4379444,102.6382631,23.97044688,476.7115895,3689.566945,84.21113895,0,38.12591572,5.41789705,0,0,0,8.27006578,5.625272343,7.585793144,11.38738175
"Philadelphia, PA","White","Male",185.4497496,40.07343314,16.3095588,310.5939775,262.7740566,26.5693276,1049.894061,10061.63505,74.86695777,18.20383976,177.3992624,13.32196661,8.327695939,17.96619101,0,15.28588051,91.50269675,25.65737448,107.4745708
"Kansas City, MO","Hispanic","Female",93.75653445,0,0,92.82144376,64.44723985,0,421.4859888,4347.465112,0,0,38.09029747,0,0,0,0,0,0,0,0
"Boston, MA","White","Male",155.6941939,29.44277499,0,0,156.0024701,14.5161468,769.8760859,4991.738831,79.85235392,0,86.12474124,0,0,7.576494376,0,15.32209275,45.94745876,10.81215274,51.35109573
"Phoenix, AZ","Black","Female",172.7220057,28.35914548,21.41289733,240.0470771,152.4876474,39.5817723,847.7853185,9515.415141,78.71565541,9.813436965,85.2790513,16.87773819,12.04562102,11.17607125,0,0,21.10402358,0,35.29871955
"Charlotte, NC","Black","Female",154.5787339,28.74625412,15.10958191,219.3687574,137.8111146,37.42827771,792.9881164,7388.365407,78.06543021,5.993516793,49.92215727,7.221839338,3.450656854,7.7766236,5.50750295,0,21.10333617,0,23.99424219
"Austin, TX","White","Female",112.7363497,19.02947749,9.33530485,154.2534931,109.7618749,0,618.9856187,3649.392975,83.33426309,4.363831079,53.73120331,4.554407832,0,8.600219231,0,6.822873037,13.27444077,9.960587207,20.93521361
"Columbus, OH","Black","Male",199.1277982,47.37453624,17.8175493,355.2010465,262.2330735,39.28767416,1305.162669,17370.85975,68.67312026,68.09126415,276.3627762,28.62793022,57.73940819,0,4.740962478,0,126.8359957,19.71962076,152.5371517
"Seattle, WA","White","Female",108.9971764,19.9893371,0,0,0,10.44968161,498.1729012,3074.221333,86.27660048,2.088715212,52.78320241,4.274986246,0,0,0,8.740454045,23.79384661,6.727200639,28.44984119
"Phoenix, AZ","Hispanic","Male",135.4854517,16.24797759,17.545394,258.4883467,175.5619802,54.411275,1001.748142,9015.365769,77.04794838,28.91514448,154.687072,26.18110862,19.32399354,18.98574628,3.565011401,15.05183269,43.95135715,18.03489228,60.0573798
"Long Beach, CA","White","Male",195.8671322,33.71907785,14.5194214,359.1247397,291.3239697,31.788031,1067.808971,8214.059264,76.42884218,14.21332601,120.3442548,16.76534481,0,21.83410017,0,20.45169225,45.21100686,24.70142831,59.2866008
"Portland, OR","White","Male",193.5578091,28.79237728,17.63444463,280.0986485,207.5782441,29.04764322,1100.111057,10461.59745,74.0310775,22.55283786,183.9314337,12.91847778,9.744869855,0,2.893923488,18.86452525,76.05121126,32.5679805,103.5729668
"Las Vegas, NV","Hispanic","Female",90.83004795,11.18080567,9.181450297,144.4676265,107.3078071,18.09231734,500.8009594,3639.446359,85.84196279,4.000418755,34.95425051,6.365722363,3.995340123,12.60703671,0,9.250906843,6.377703042,3.924884615,8.557985653
"Dallas, TX","White","Female",124.3191649,23.88440804,9.692473325,162.7746647,120.743995,13.68006832,661.0777683,4465.524036,83.2599845,4.304320268,51.39200935,5.746912449,0,8.125383716,0,7.280489853,10.93887392,6.511201803,21.37246993
"Houston, TX","White","Female",137.0717788,26.38135366,12.86152254,180.9392293,132.4687615,12.0044019,691.9921017,5998.840759,81.0446267,7.68826497,66.99293512,7.327726112,4.420960861,8.795472292,0,8.047817021,17.27803496,15.48845721,26.13347337
"Baltimore, MD","Black","Male",245.8379026,52.8853317,20.16459833,443.7420212,330.5449103,51.56651388,1582.503386,23761.79386,64.43479268,123.3065248,432.6732025,17.46897812,119.240761,13.95691375,23.94924625,15.00198581,221.5950472,21.28486603,246.7639009
"Houston, TX","Black","Male",234.9054735,48.54006679,33.60294802,452.9788857,341.181108,52.87585191,1476.265603,20076.26925,65.8271383,85.48212116,244.5748795,36.65576383,75.88403712,18.35418471,21.16699532,13.7681718,34.60656069,20.32267118,77.87011094
"Milwaukee, WI","White","Female",134.6186344,30.56212797,10.91400277,185.1013347,142.0529651,12.47901253,745.2311173,6658.443004,79.71362747,6.069519114,107.0866786,4.977451697,0,6.936675495,0,8.804838111,47.43274463,6.76400984,54.33748099
"Las Vegas, NV","White","Female",141.3545123,31.91907123,14.4070802,218.4367329,170.8236466,16.08621818,761.5568933,5978.013286,79.48944277,8.711524296,69.9884091,7.277785641,3.020974718,14.61781281,0,11.03147884,21.16046926,12.84356425,30.88538519
"Tucson, AZ","Asian/PI","Female",126.0203453,0,0,101.5871266,45.05572162,0,440.8290046,2478.930565,0,0,0,0,0,0,0,0,0,0,0
"Denver, CO","Hispanic","Male",149.1113217,19.96279249,14.16983767,235.1677552,172.056907,39.39385109,1040.244499,11329.4244,73.47972294,39.5904422,191.7530226,28.365846,27.48933645,9.57131659,0,0,50.62363646,26.6529771,73.38706834
"El Paso, TX","Hispanic","Male",166.242607,17.700624,24.10072999,251.4399241,201.1215285,51.54421116,996.7708376,9844.799296,74.78913279,13.83862653,106.4161047,22.87601628,7.53198457,12.57969424,3.028106738,16.7570606,24.81411971,17.90268885,34.08329245
"Minneapolis, MN","Asian/PI","Male",192.8937364,0,0,256.7088816,165.2137193,0,910.4779922,8519.290912,0,0,93.40047937,0,0,0,0,0,0,0,0
"Boston, MA","White","Female",132.0105884,33.66756503,10.88121044,129.481297,96.35834166,10.78997081,592.9639067,3356.493051,84.13284323,0,48.2877991,0,0,7.481970056,0,9.977715203,23.74848543,4.065217682,28.86641507
"Las Vegas, NV","Black","Female",175.0241442,28.33484022,16.69682278,0,0,38.8670361,1015.109692,10616.63723,75.81076171,9.591534656,73.01779964,10.64015145,7.42063247,0,0,8.47704396,17.81630987,10.60656319,29.94395144
"San Jose, CA","Hispanic","Female",96.43399255,6.909207784,8.223973005,121.6056482,73.49646928,30.31286123,472.291894,3567.33748,88.10131231,0,33.14860654,7.690476617,0,6.217122743,0,0,7.782041354,0,12.64148728
"Denver, CO","White","Male",150.2174064,26.59555172,13.7716599,218.1327938,175.5425705,24.298403,887.9273372,7342.315351,78.10123483,20.8988959,134.2410535,9.697893827,4.434540529,0,0,12.33749684,36.43068865,31.47993895,51.48896567
"Charlotte, NC","White","Male",148.6237733,25.35092994,13.7428498,202.5252028,149.9428698,17.18917286,784.4997984,6253.023167,79.42030359,16.32047049,89.48963818,8.957992295,3.852912545,11.82332309,0,13.81367005,30.51961721,21.38077893,36.84572558
"Austin, TX","White","Male",150.459817,23.64599396,15.97973577,237.3721197,192.4067497,14.00403206,829.2045135,6263.259331,78.9279901,22.73108697,109.8921192,10.40503437,4.108152732,8.517125402,2.157836052,15.13246465,22.58296179,31.06785315,36.02296641
"Las Vegas, NV","White","Male",181.7499186,37.76385905,16.59675568,339.9473387,281.2520107,29.16218935,1079.335771,10235.75472,74.16521659,28.91473787,154.8053292,18.87055136,6.314150134,21.98617508,1.908856607,18.28066876,42.65537904,39.67106712,63.31661837
"Denver, CO","Hispanic","Female",125.3096539,18.56729197,13.68576068,153.2362106,103.0787169,29.95302974,695.8139727,5087.995096,81.40440046,0,73.98785865,9.078602124,0,9.142583485,0,17.55333089,17.11171053,7.78704589,27.96645083
"Cleveland, OH","Hispanic","Female",156.9868345,0,0,0,0,0,0,5510.779762,0,0,79.08930435,0,0,0,0,0,31.50204163,0,31.50204163
"Cleveland, OH","White","Female",154.3364246,47.71543107,10.63927799,219.4900539,171.7603106,19.6730363,858.7544071,9762.653647,77.09094257,0,123.7388639,0,0,14.9646863,0,11.16031101,76.12787559,7.919564548,91.67160432
"Memphis, TN","Black","Female",168.2034139,26.47974235,17.58487912,291.515019,193.2642077,42.45045578,986.9273015,12506.74518,73.58236973,18.1553056,106.0107981,23.90412065,20.27687906,13.36650778,5.338958841,16.48623852,36.08004632,2.700924021,43.36033779
"Denver, CO","Black","Male",199.3281399,32.66550878,16.67822041,394.8817446,281.7023497,74.92392993,1464.716708,20274.97989,65.83786081,109.3554563,333.8134988,33.06734643,90.5983285,0,0,0,80.4709908,43.25104843,120.0500407
"Kansas City, MO","Black","Male",249.6837514,55.34318984,25.85249634,392.4430827,312.1370692,59.03390187,1495.020781,22986.15902,64.45612362,164.7685853,342.4421105,33.3984066,156.009804,21.50615763,9.514151037,0,65.34828751,25.81599408,103.5267187
"Louisville, KY","Black","Male",285.8084123,69.90175654,25.82207285,513.966493,409.377653,63.92510561,1912.450267,25352.60956,62.57531468,132.5196763,396.899872,42.22969472,116.6169171,17.44202453,8.275294367,0,150.4438954,32.12513522,175.4391799
"Houston, TX","Hispanic","Male",146.7914605,18.27496265,15.10074827,227.1823111,168.8754519,38.24156914,861.6556038,9667.310888,76.6518877,32.1188243,126.0426436,24.35527316,23.4995654,15.40520366,4.671499908,14.66057265,15.60095485,16.79195636,25.98812937
"New York City, NY","Asian/PI","Female",74.30525187,14.00855645,7.453092501,113.1869031,85.86225459,10.50529445,324.7188997,1966.013515,91.32071875,0,16.98055456,2.420383464,0,9.070870177,0,6.552302025,0.994389048,4.339762653,2.590546918
"Long Beach, CA","Hispanic","Male",148.6305973,15.05247861,18.9841018,245.0712264,187.5095086,43.60885501,814.4758561,6747.553239,77.80041478,8.618069483,89.83486468,23.47843901,9.33396052,0,0,0,25.03847718,6.625159815,36.35296796
"San Jose, CA","Asian/PI","Female",74.86500883,13.58288014,6.41336891,106.3329246,51.36238055,14.63364686,325.6026958,1687.438593,89.45807841,0,16.44958117,2.706293288,0,4.648277251,0,8.720832359,0,4.503630712,4.01557996
"Oakland, CA","Hispanic","Male",96.30093476,0,0,140.3241035,104.8452813,18.82628377,575.931616,7007.875176,84.35015761,30.96799817,113.9219918,15.92032747,33.69791772,0,0,0,26.29863768,0,33.47875689
"Boston, MA","Hispanic","Male",116.433234,13.99271862,0,146.1464471,105.8296467,22.34879669,691.5492665,8303.050986,78.35975858,7.924748028,141.4295026,12.42327357,9.501636497,0,0,0,84.2020119,0,98.29447658
"Memphis, TN","Hispanic","Male",82.88132567,0,0,115.8099646,59.75473693,0,941.9876264,16265.87284,0,60.6765194,261.3698879,57.84248858,56.27804896,0,0,0,88.07236574,22.99192972,95.5836149
"Houston, TX","Asian/PI","Female",115.6841288,17.72184994,12.0672112,116.6820033,78.98919582,14.13326484,455.2201788,3507.333564,86.42472019,0,22.5617936,0,0,11.09384966,0,0,0,5.190109608,0
"Milwaukee, WI","Hispanic","Male",151.7005177,34.491496,0,210.0574522,161.8265975,26.07905068,911.1780706,10584.79732,74.25313263,29.58831907,211.1736336,28.26262351,27.34052603,0,0,0,94.22694364,10.07589995,108.1082637
"Tucson, AZ","Asian/PI","Male",116.2737451,0,0,103.5194803,77.88408731,0,596.7246378,8246.554049,0,0,98.91217371,0,0,0,0,0,0,0,0
"Chicago, IL","Asian/PI","Male",97.10861784,27.71280826,10.20225992,145.9755466,107.2653795,19.03492665,460.0323699,3535.438143,83.02401536,0,32.47487051,0,0,7.882251651,0,0,6.212189428,7.982439517,7.257416364
"Columbus, OH","Asian/PI","Male",124.2330133,0,0,146.5217158,110.5685445,0,539.6158783,3164.121081,0,0,62.72619952,0,0,0,0,0,0,0,0
"Seattle, WA","Asian/PI","Male",144.0902193,34.30685965,16.39556532,156.407964,100.9008825,31.54149613,596.4748921,5619.620369,81.26883654,7.403265756,75.05421162,0,0,0,0,0,20.89641637,9.419723724,32.54315256
"San Jose, CA","White","Female",120.8124838,20.22240544,12.42163796,174.3103768,101.952695,17.37840617,591.1377595,3697.215128,84.07880222,0,48.36429701,4.624854946,0,0,0,14.56203704,10.68056579,6.198457556,23.00850821
"Dallas, TX","White","Male",152.7952735,27.34236479,14.97894145,265.269011,218.4419781,22.23260848,895.2335618,7442.520847,77.09478472,23.31309094,113.8181915,12.12085121,4.070429911,9.183686394,6.931889219,9.038541457,23.07714392,29.44578977,39.86246821
"Houston, TX","Black","Female",183.7081216,31.47331329,17.87142919,304.9627429,213.8501613,35.22097904,1018.799182,10858.74737,75.34272692,11.0784143,76.3528959,12.45349757,11.21098945,14.72129649,8.559267486,13.42963157,17.92039526,5.009536258,31.64710086
"Oklahoma City, OK","White","Female",118.6272819,29.23661512,9.572688205,184.9458536,146.8022559,17.51645096,670.623608,4909.249898,81.63624408,5.090915947,65.10436125,7.533222786,3.175647509,5.881783234,0,8.036387639,12.86190422,4.985505206,17.10518885
"Chicago, IL","Black","Female",161.7132095,33.35549064,16.11416674,258.6047135,175.373887,28.86795437,846.4422872,9965.142037,76.16493069,14.49919346,86.83705677,9.1644368,17.06831132,12.90071426,2.116389169,5.51408397,38.96455664,4.509320391,47.62965642
"Denver, CO","Black","Female",135.4140424,22.84050021,18.73234723,0,137.4138131,38.89620512,796.3946788,8488.9877,76.21860261,0,96.22022708,0,0,0,0,0,38.89466308,0,51.00291894
"Milwaukee, WI","Hispanic","Female",105.5742067,0,0,137.5643082,100.8344439,27.84987642,605.1355083,4674.420348,82.68739897,0,67.55079522,0,0,0,0,0,24.44209657,0,31.01199494
"Austin, TX","Hispanic","Female",87.02741408,10.07475475,7.16646407,117.9197001,77.48241133,21.04238274,487.6229003,3608.911376,84.11474867,3.229799197,43.10528361,8.31349861,0,5.597693192,0,0,10.65022742,4.599429194,12.41127662
"Portland, OR","Hispanic","Female",58.29365259,0,0,0,0,25.22255603,277.8014401,4144.936514,0,0,28.84220717,0,0,0,0,0,13.77828635,0,24.9065068
"Indianapolis, IN","Hispanic","Female",111.9527006,0,0,90.36225273,58.93584264,0,448.2427061,4491.343942,0,0,24.90069374,0,0,0,0,0,0,0,0
"San Diego, CA","Hispanic","Female",111.9670054,10.20933563,10.16499522,131.9086149,84.74670791,27.33731026,487.1452581,3164.362985,86.80193782,0,28.51825353,4.265729488,0,4.727425475,0,7.202375629,4.171864258,3.581811238,9.497832228
"Long Beach, CA","Hispanic","Female",99.24174672,9.134874834,8.739310483,128.878479,81.11890108,25.04515552,477.8556354,4119.744729,83.39079037,0,29.56662866,6.773426314,0,7.938320861,0,0,6.770847183,0,9.697512167
"Tucson, AZ","Black","Female",134.9758048,0,0,291.3382994,202.2381829,0,943.2260861,10756.49701,0,0,0,0,0,0,0,0,57.33449556,0,64.01961008
"Philadelphia, PA","Hispanic","Female",99.62517628,13.86362242,13.70584237,139.3635309,103.3429994,17.88163687,573.6293595,5117.26747,81.79214713,4.593752423,50.11045472,0,5.939167977,11.14628048,0,0,25.62660288,3.801441354,30.44526153
"Houston, TX","Hispanic","Female",117.5866109,13.83239251,12.85472778,149.3088032,99.98889393,24.68206552,593.0106085,4754.190541,82.42187307,4.652055036,37.88440732,7.92947757,4.329974572,9.321547769,0,9.634879663,4.595245609,3.064064322,7.364592867
"Oakland, CA","Black","Female",156.8280664,32.50152645,20.44269155,258.8930324,170.7901213,38.18336596,869.8773742,10381.4118,76.82920296,11.83759192,87.97199662,0,10.46364271,17.31297922,0,0,42.08125517,0,52.92598933
"Minneapolis, MN","Black","Female",166.7361664,39.36771737,0,255.6010119,152.1833585,46.22078427,990.8395776,11913.41655,79.26207577,0,136.2746906,0,0,0,0,0,82.37230121,0,100.9527757
"San Antonio, TX","Black","Female",177.8391331,23.73514412,18.57112208,0,0,50.6317679,0,9511.512251,75.1029272,13.07118078,58.82607232,0,9.169254294,8.182005822,0,0,11.82218644,0,25.78881155
"Los Angeles, CA","White","Male",149.7601277,25.63152502,15.09261487,271.1560531,218.1017627,25.11604667,793.5184253,6309.184353,79.40143194,10.94408348,92.97861177,10.76282449,4.014362835,19.66668708,2.817781441,12.19737188,35.53791858,19.59272022,46.18759586
"Oklahoma City, OK","White","Male",158.1352345,31.48031005,15.05600391,285.7511325,243.5399439,29.52564145,935.0082236,8568.915372,76.36255963,21.18807618,139.2931417,13.95973575,0,12.45679815,3.847362285,18.86106389,37.54357345,31.65643984,50.1737789
"Kansas City, MO","White","Male",171.4794791,39.03081019,13.32776287,255.5633368,205.9251648,22.28482286,979.9867571,9232.138199,75.75403838,31.71887837,147.0315048,20.81040497,9.62185781,13.35819359,0,11.66400586,30.64537872,35.81431316,49.08751555
"Detroit, MI","White","Male",155.0045915,49.09145267,15.71742183,377.8413745,301.1892075,17.19638239,1174.771848,14934.1746,70.25941667,18.23679986,207.8154017,22.64426301,17.33203323,25.72073541,0,0,122.5992926,21.6084736,136.2943006
"Denver, CO","White","Female",112.1489443,20.0159894,0,136.295971,98.86676186,10.44205071,594.0043474,3954.288754,83.37706844,2.866452263,55.32261708,2.746727021,2.593081477,6.302284928,0,5.674980174,11.82024651,11.18842395,20.04988238
"Long Beach, CA","Black","Male",240.7904513,54.0887569,24.08743158,479.7004934,375.5771335,69.36047697,1418.834716,17705.91145,67.4758685,54.35997283,181.7431706,31.1686715,43.76441278,31.54882648,0,0,44.53283308,33.11390336,75.0381462
"San Francisco, CA","Black","Male",276.9295098,57.94017909,31.08637436,512.9654982,367.8488738,59.84350456,1914.890225,27867.27408,60.99780375,96.13881573,563.439087,27.35639642,100.8583712,0,0,0,288.958059,0,370.6772071
"Chicago, IL","Black","Male",220.5398887,47.6308803,26.73335796,477.631158,365.6791861,46.2847737,1565.317211,23575.49071,64.03630577,129.5669702,375.345127,21.95322186,128.4534946,25.05854504,7.000577839,8.181381709,161.3427303,16.59761535,182.9354271
"Detroit, MI","Black","Male",213.811735,49.6453698,22.41590496,538.1174538,440.7646891,39.30703611,1555.266329,23927.25378,65.16192029,108.9749043,316.985765,35.04704571,102.9719894,23.66014806,11.53044032,12.47169068,119.7696369,20.51210907,134.680088
"Charlotte, NC","Black","Male",197.8651829,48.93687622,16.65454392,335.7096593,234.0132309,63.22805274,1215.121169,14488.58838,70.22790473,50.60250962,172.1406132,25.64477693,37.84350437,9.879875891,10.77489049,0,49.8072539,15.78363829,66.25980693
"Philadelphia, PA","Black","Male",229.2740927,49.73073876,24.47571254,440.4793677,356.916935,45.76350794,1493.122165,19746.73635,66.64596126,120.0847956,325.8311483,16.99653994,112.7574805,20.43268125,8.497725788,9.945155643,112.0141693,19.27372096,149.3355869
"Dallas, TX","Black","Male",210.9133384,48.54209326,22.26255056,404.6537456,310.4617132,51.89542932,1278.659682,16636.48883,68.47309019,69.69097419,215.7015637,32.45098182,66.10780268,0,18.66478069,7.968242912,29.11209036,13.88080259,74.46082741
"Seattle, WA","Black","Male",327.9695027,55.79988725,0,478.9770342,371.780346,0,1789.369131,21291.28573,62.95428205,52.01760709,516.9158807,23.14782381,40.49108338,0,0,0,308.1272052,28.65905985,386.9291783
"Charlotte, NC","Asian/PI","Male",105.7414161,36.50616824,0,178.5902523,136.438665,0,565.06768,3535.353876,0,0,28.36469917,0,0,0,0,0,0,0,0
"New York City, NY","Asian/PI","Male",102.4136387,25.86440505,9.508216157,161.2657639,126.1477171,14.71248049,473.7799232,3646.922438,85.2290609,1.176346867,33.25265738,4.807081002,1.80719855,17.8392631,0,10.2572033,5.448447876,7.167012965,7.320115028
"Long Beach, CA","Asian/PI","Male",162.8716533,35.10894896,0,218.5868149,142.3666674,0,773.7335403,6827.552312,77.67384563,0,50.48305564,0,0,20.03389006,0,0,0,0,17.49204428
"Philadelphia, PA","Hispanic","Male",113.8676722,25.02989002,14.74938133,299.9684865,239.4257525,30.77768592,1073.067845,13418.24673,74.7247915,53.75565705,254.1732983,19.83958376,49.8242393,21.46409629,6.079456435,0,129.9088315,13.52045304,141.6997391
"Oklahoma City, OK","Hispanic","Male",141.2036682,37.52574688,0,193.7139568,166.4133446,42.69542483,745.7335895,7195.550191,77.77823161,18.22879285,124.9560228,19.56214376,9.626111254,17.30476098,0,0,24.44713723,17.57998915,30.54090555
"San Diego, CA","Hispanic","Male",148.1800594,15.52190653,16.44455812,190.6081711,136.1749985,44.13693924,712.8939319,6444.134339,79.74283845,7.538472156,89.60881632,13.75349631,5.461016687,6.705460241,3.38905789,14.78426643,32.57940447,9.8699794,44.99836282
"Washington, DC","Asian/PI","Female",71.4827124,0,0,120.3236931,80.22457953,0,323.8780113,1566.79399,0,0,0,0,0,0,0,0,0,0,0
"Long Beach, CA","Asian/PI","Female",121.9667343,17.07736785,0,152.0578502,102.3479063,33.71916394,511.3767118,5797.599438,87.19113513,0,21.29268536,0,0,13.46847963,0,0,0,0,0
"Chicago, IL","Asian/PI","Female",61.36335596,11.78472029,6.965950064,80.82856767,44.55161125,12.57571695,265.7530857,1841.355329,92.21358828,0,9.214381878,0,0,3.794888562,0,0,0,0,0
"San Jose, CA","Hispanic","Male",137.8473474,17.80263969,16.24475492,194.0550361,114.8094229,43.68779978,730.891167,7653.080147,79.14765315,11.24910305,104.5960833,17.70439793,8.121781613,0,0,20.78889986,22.09601887,17.95591344,41.51212714
"Oklahoma City, OK","Asian/PI","Female",102.4900904,0,0,139.7534385,82.02743277,0,391.7682294,1839.256831,0,0,0,0,0,0,0,0,0,0,0
"Kansas City, MO","Hispanic","Male",148.917709,0,0,176.9977549,121.1109945,0,707.6157272,10072.42634,0,40.10262701,157.3527117,26.87850303,37.47025493,0,0,0,33.85840893,0,49.39308539
"San Antonio, TX","Hispanic","Male",167.143049,21.96426746,19.91902506,304.5317748,229.2995829,56.60484404,1049.630707,10810.27177,73.92120884,25.55487073,121.7492072,22.79318786,18.95297441,12.74106779,4.107105711,15.65365839,18.44207149,16.53299682,38.07934848
"Oakland, CA","Asian/PI","Female",103.4469294,14.76331481,9.394603237,129.8293752,69.96295642,17.88309846,404.8621548,2598.313689,88.75337848,0,20.29909472,0,0,0,0,0,0,0,0
"Oakland, CA","Asian/PI","Male",140.1706575,34.21651251,0,153.3316141,107.7719441,21.19647295,576.6925791,5494.068641,82.0349577,0,62.12706547,14.62552215,0,11.27459637,0,20.24791603,0,0,0
"Baltimore, MD","Asian/PI","Male",107.8801009,0,0,219.7949919,135.017347,0,661.7030754,10427.75906,0,0,136.7204873,0,0,0,0,0,0,0,0
"Oklahoma City, OK","Asian/PI","Male",213.3222259,0,0,272.6367223,214.4276645,0,1018.143847,4314.506021,0,0,127.0557718,0,0,0,0,0,0,0,0
"Houston, TX","Asian/PI","Male",165.2364371,42.51655114,15.04208151,222.1553,164.4722837,27.73976614,739.7771231,6451.437395,79.08859478,12.72797954,66.5675053,13.87175519,0,13.54738617,0,16.99304003,7.458192192,18.27909487,12.83037066
"San Francisco, CA","White","Female",105.717487,18.80751815,8.76516776,147.4628438,101.4420673,0,473.9222517,3035.446711,86.95894823,0,48.5099016,0,0,0,0,4.117554677,24.61547774,7.942373886,31.08878635
"Memphis, TN","White","Male",187.3219686,45.79894779,14.79944515,355.7717723,290.8797407,33.0046743,1192.848595,13314.66675,71.73850959,42.18951398,233.5284245,24.16082913,18.7005098,14.38103649,0,24.77586399,104.0779485,37.83447957,122.3681589
"Indianapolis, IN","White","Female",159.9267954,43.89245115,13.74081593,186.1810988,137.6995889,0,815.7809184,7718.116875,77.00768871,5.634906554,94.03472268,8.023187894,2.980547274,6.875287055,0,8.926720951,49.47923993,7.949926614,60.32968403
"San Diego, CA","White","Male",168.4776555,26.35910516,14.14550276,233.3047261,177.2497656,23.98370275,804.8157308,6152.379771,80.37452025,10.26313316,106.83954,8.975873425,2.112738013,0,2.702590332,14.96468433,38.46324417,21.20415434,52.60145343
"Minneapolis, MN","White","Male",154.0158426,29.33157274,12.03332489,0,0,19.55119101,773.2766124,6681.228565,78.2970416,11.17696084,117.2645773,7.082457729,3.86492649,0,3.892315903,10.35382878,36.88437402,21.79051581,51.59640204
"Cleveland, OH","White","Male",186.1514834,48.04264479,17.10719851,336.287231,282.9057061,28.06554915,1178.169422,14248.58011,70.86551234,21.19199856,225.6398903,12.38711907,8.806250853,12.41838793,0,0,126.6993457,28.41399637,140.1520187
"Houston, TX","White","Male",170.7943626,30.69968744,18.66849959,286.4327453,227.9099316,20.54107715,989.622969,9842.592004,75.06308346,29.55331624,151.3109592,17.81626273,10.1665598,12.49329274,4.483627367,13.81351034,36.66965539,34.81595883,57.1390554
"Milwaukee, WI","White","Male",188.7826226,41.17074814,16.83357778,365.0067134,291.9121929,23.81872457,1159.565715,11744.38536,73.1261301,22.22805314,212.7079509,11.98280104,6.873395246,16.05034006,0,10.65282338,100.5924382,26.42991254,114.6409768
"Louisville, KY","White","Male",179.1812059,39.79343044,17.07888698,278.1918953,226.7834542,24.28003862,1102.004957,12263.809,72.97424886,30.82107677,189.1092394,20.81967911,11.77412709,16.26297457,2.975044721,18.52846001,80.07497385,32.20631499,93.38828891
"Philadelphia, PA","Black","Female",163.8681185,32.51243241,14.35754599,256.0277476,192.2224482,0,851.5481366,9341.603259,76.75427498,10.50246379,85.86228683,6.569965645,11.55037358,12.96086487,4.442432885,8.83438615,35.22238803,3.536039469,50.21124015
"Portland, OR","Black","Female",194.9105027,50.70918383,0,0,234.8613861,0,0,13861.47143,79.37560991,0,122.0230716,0,0,0,0,0,47.01974869,0,80.14734439
"Cleveland, OH","Black","Female",156.4429838,41.63316284,11.82038988,288.8004169,208.4393121,29.53669808,941.5171001,11936.49308,74.87141611,19.63768327,101.4574464,10.56881885,17.69565995,7.471361509,0,8.163334632,30.46113386,8.784216772,46.76099997
"Detroit, MI","Black","Female",149.0382964,28.60819743,13.07144632,307.7860504,234.8418195,31.62573295,894.1273502,11449.36143,75.39605568,14.02717261,83.08300154,8.238494502,13.82076705,13.4335515,1.920347804,11.19419921,36.63995938,4.260050711,43.15661092
"Boston, MA","Black","Female",147.1530546,0,0,0,0,32.8880598,728.846827,6964.645444,80.22355767,0,59.97223589,0,0,0,0,11.18803912,35.3047911,0,43.62403831
"Baltimore, MD","Black","Female",159.256172,36.62897851,12.69517172,280.2136112,191.3634905,28.91117745,888.0135259,10284.07334,75.68287612,10.60187258,116.9091696,6.143168066,12.64313787,7.533142297,4.476883351,7.243528703,70.69670686,3.818882396,79.09664724
"El Paso, TX","Hispanic","Female",122.3710687,10.06431625,11.95748916,152.2938018,109.9570364,34.24251805,667.387706,5038.097621,81.9474857,3.073724622,31.37556503,5.093622801,2.403071709,8.773363738,0,9.795094889,5.509672441,4.842492981,7.729543951
"Los Angeles, CA","Black","Female",181.1907709,28.9356046,16.1076966,0,0,0,1000.693231,10434.24661,74.69719815,6.221433189,72.65336393,13.53549121,7.224825781,13.61095305,3.11484432,13.18176335,23.66404627,4.699325731,37.04537943
"San Antonio, TX","Hispanic","Female",119.7594353,11.37471177,13.02234553,192.2322995,132.3335531,0,705.3002114,5849.33801,80.39115129,5.401049237,41.81100903,7.361476552,4.678820894,9.486345488,0,7.534253279,8.188465754,3.761707415,12.92566027
"Long Beach, CA","Black","Female",165.2531096,33.12992159,0,307.4132111,222.0358596,34.02076826,867.9037134,9150.607338,75.3232653,0,58.02583576,0,0,0,0,0,0,0,29.59931848
"Dallas, TX","Hispanic","Female",88.25382215,7.745207883,10.09174201,105.3132781,70.44862949,18.8133036,438.3224736,3614.562238,85.54100141,5.318448206,27.16715071,7.196215787,4.839125106,5.17005163,0,0,2.527164879,2.685999394,4.572392404
"Oklahoma City, OK","Hispanic","Female",79.17340147,0,0,101.1502458,70.35601298,35.70013913,457.3090123,3574.992729,0,0,31.29575595,0,0,0,0,0,6.85325643,0,7.392352899
"Columbus, OH","Hispanic","Female",71.18644395,0,0,82.87048762,51.25676051,0,304.5369823,4184.326059,0,0,40.3006749,0,0,0,0,0,0,0,0
"New York City, NY","Hispanic","Female",74.62595161,8.744212424,6.353263362,132.1748331,99.07629971,13.35928517,411.7257232,3132.297927,88.19992059,0.819898698,26.61706388,1.636572477,1.520800844,11.92383961,1.706838392,6.540659095,13.4705725,2.482626489,16.12375619
"Detroit, MI","Hispanic","Female",74.20939252,0,0,81.44207396,63.22773109,0,325.5498343,4780.592111,0,0,46.1480713,0,0,0,0,0,0,0,22.62413482
"San Francisco, CA","Hispanic","Female",82.21278029,10.15442574,10.98162578,121.5194228,77.03616381,21.00304984,409.1564816,2904.157329,87.57093906,0,33.93468717,0,0,0,0,0,19.80128772,0,22.33927556
"Oakland, CA","Hispanic","Female",65.85484039,0,0,140.1161515,70.93219589,16.56813742,446.9667738,3510.843293,0,0,27.1630167,0,0,0,0,0,9.533838427,0,10.98615136
"Minneapolis, MN","White","Female",108.9266426,20.83875503,10.05962223,0,0,9.67415324,528.3582196,3892.73325,83.68721945,0,53.5168883,0,0,0,0,7.499595754,16.96404408,6.284356168,23.52268744
"Phoenix, AZ","Hispanic","Female",94.41335316,12.40141586,8.311505939,157.8442762,98.43871978,32.03672895,577.1241721,4397.220529,83.75508069,3.914739901,45.01900777,10.7233828,2.936845103,8.513433609,0,7.665938019,11.49183689,3.778482116,15.01178614
"Detroit, MI","White","Female",114.385107,36.54878741,0,199.925071,151.5918927,15.80340693,657.6488081,7022.967657,80.44100476,0,94.29631311,13.22852108,0,0,0,0,49.8199627,0,51.74810121
"Los Angeles, CA","Hispanic","Female",106.3475852,9.532255812,9.963216638,148.0614128,96.99943582,31.49970106,498.2570523,3800.743617,84.70763984,1.432673287,24.31543023,7.02631105,1.945992901,14.09090899,0.572883102,9.723069227,4.532533983,2.588612589,7.046744271
"Washington, DC","Hispanic","Female",68.56578452,0,0,92.4405789,65.90677502,0,332.1928844,2690.458645,0,0,23.24509084,0,0,0,0,0,0,0,0
"Chicago, IL","Hispanic","Female",82.96267489,0,6.682617226,112.0413155,72.20987984,17.8026726,412.6950293,3241.980214,86.16282962,3.553538647,22.35939224,4.533778183,4.249417252,7.161475693,0,6.373697526,4.911032259,1.278805684,6.286395184
"Boston, MA","Hispanic","Female",74.98488482,0,0,83.69259178,53.19998174,18.29291284,375.8012712,2764.585201,89.70259438,0,30.02992076,0,0,0,0,0,15.45311946,0,18.69149863
"Seattle, WA","Hispanic","Female",85.85586606,0,0,78.73247775,52.63479781,0,342.3961536,3156.835962,0,0,31.90618604,0,0,0,0,0,18.28433864,0,23.57617794
"Charlotte, NC","Hispanic","Female",76.08981995,0,0,108.644175,61.73199879,0,403.5012779,2851.627332,0,0,35.0250968,11.24921728,0,0,0,0,0,0,7.337163311
"San Diego, CA","Black","Female",191.2275967,30.92335728,17.40671342,295.4401262,195.2100826,37.80486244,904.8286296,9122.221523,78.64036448,0,78.28639238,11.79571034,0,0,0,0,30.46047307,0,44.87199502
"San Francisco, CA","Black","Female",204.144515,0,0,0,213.4633836,39.23589094,0,15833.74816,70.86915102,0,282.313158,0,0,0,0,0,180.14556,0,238.0635353
"Columbus, OH","White","Female",120.2546789,28.83777656,9.342169505,183.2892097,128.9476073,14.07491216,715.1116744,6328.208742,80.35068482,3.46889638,79.51611908,4.464258552,3.153562348,11.07812044,0,9.251668748,39.00141904,6.069384437,45.98624953
"Indianapolis, IN","Black","Female",169.3966295,38.41028935,10.74620199,229.6805615,161.4893755,31.66351429,890.627539,9691.873386,75.77516228,17.33190709,85.99399152,11.9494522,15.07779202,0,0,0,31.46004584,5.739139357,39.05723015
"Columbus, OH","Black","Female",149.6239487,29.34421789,11.00738257,244.6929816,163.155257,27.93176194,881.8242457,9415.940585,76.57411267,13.29719695,88.86780167,7.201743214,11.90359619,14.05857525,0,0,41.39555964,5.257472403,48.16408146
"Kansas City, MO","Black","Female",145.7405045,31.55127478,13.26237898,225.217793,163.7573261,28.04467236,832.184938,10980.68984,76.57676434,22.31882309,90.69340863,18.7914483,18.86438052,12.0460346,0,0,18.05540007,0,32.65995262
"Oklahoma City, OK","Black","Female",189.5292561,45.64433815,0,334.2599131,0,0,0,11757.75606,72.01182554,0,63.1243607,11.28113946,0,0,0,0,20.39720904,0,25.74204452
"Portland, OR","White","Female",147.9068335,30.30244996,13.44725321,192.2375694,125.3164941,17.01714095,754.7975008,5198.269263,80.8664715,4.114126254,72.98879638,5.898456242,2.800590052,0,0,10.2392194,27.53282449,9.915724055,40.17304401
"Louisville, KY","Black","Female",178.7046621,45.13959756,18.29952463,278.6336346,210.3120427,34.29268167,1030.273138,11412.68157,74.49529163,23.92912463,106.4537235,9.120909298,21.47574025,9.502842491,0,17.37809642,48.67816452,7.276772985,61.12030522
"Philadelphia, PA","White","Female",141.5636715,33.79291645,11.49994483,192.322315,145.6822735,10.47619005,704.3004868,6187.188369,81.72576079,2.835144652,73.55109868,4.253252201,2.483826145,12.88722983,0,13.23249851,40.52579744,6.807832058,48.69188182
"El Paso, TX","White","Male",170.8695007,28.63790226,12.71566976,367.7009465,0,0,0,11224.91656,72.43568203,51.31907466,137.5380509,16.9120643,0,16.18639792,0,0,28.51721041,56.94633977,39.63364233
"San Jose, CA","White","Male",160.4633017,26.69370521,11.97260793,257.8854949,181.6334003,26.01219774,834.4498677,6074.87422,78.45996558,9.993422934,103.312645,13.9998566,0,7.747804275,0,24.77432936,28.1321172,20.13025924,44.48155685
"Indianapolis, IN","White","Male",199.9583751,50.97849168,17.60681823,287.2911953,235.1413755,32.20245676,1118.591389,12475.72222,72.14458604,30.83596639,182.5947028,16.38840438,11.52401379,11.10212347,0,21.95750124,82.33151719,29.95026878,97.19766015
"Baltimore, MD","White","Female",135.6289822,38.27703592,10.49675683,187.7913502,133.0379429,19.48818538,710.0930821,6618.628358,81.31669847,0,105.2342886,6.595819787,0,7.807584081,0,0,63.20730278,5.789628047,76.25621066
"Phoenix, AZ","White","Male",137.0993061,27.68886644,13.57938007,240.1950556,195.0306836,29.00055507,872.1953568,9317.366582,76.92212898,29.00131086,164.2354677,19.79641295,9.333975676,11.76048209,2.615825789,10.90296241,51.78005781,33.24869555,71.83844361
"Chicago, IL","White","Female",111.4062343,23.83836217,9.100126656,158.165117,117.7280038,10.93068545,500.3133851,3436.139295,85.93724498,1.454853745,30.66249079,2.20861732,1.319798527,8.605250754,0,5.86744165,10.27542801,6.166150529,13.79824841
"San Diego, CA","White","Female",120.5534822,18.81358856,10.21614115,156.3828745,98.26538672,11.41065937,551.5028973,2997.385394,85.4631472,1.335389401,40.62710372,2.994822483,0,0,0,6.048037814,13.56533034,8.551944335,18.93179892
"Las Vegas, NV","Asian/PI","Male",112.1476743,25.05630094,15.06565491,226.7664942,177.68819,31.32062773,630.7307699,5870.98998,82.02997508,13.48530074,63.62399279,8.944542059,0,17.84357287,0,7.166608088,3.790251919,18.66672182,11.24297495
"Tucson, AZ","Hispanic","Female",144.9496265,14.67637566,10.89725726,193.8138708,119.4238317,34.30488051,0,6420.643094,77.68262567,7.652159886,63.81932517,14.31818739,7.198824342,13.68043237,0,0,18.21697745,5.321467202,25.55465901
"Seattle, WA","White","Male",142.4163931,22.39425837,11.96319417,0,0,17.50057025,738.7210927,6564.628643,79.93647023,10.43767671,133.3408742,4.789230523,4.992204602,0,3.434513515,9.350079041,67.71856961,19.92558755,82.09464127
"Columbus, OH","White","Male",182.3026264,45.24093678,17.00767702,285.9722171,227.9148453,22.47856986,1048.970296,9827.462081,75.22350145,19.47454492,168.1287553,13.29579324,7.22155499,12.26279957,0,17.36137748,73.58090173,24.8654279,85.94514038
"Baltimore, MD","White","Male",175.4399853,41.88674502,20.33793947,323.8190631,268.8981916,35.46950624,1080.312069,11217.61848,74.2547099,14.05763349,209.2850974,8.190532697,8.457334378,10.22470077,0,0,124.6731071,24.11151099,144.9421751
"Chicago, IL","White","Male",141.7409948,29.88765741,14.06413984,254.826848,210.3411562,16.7422809,758.4420578,6139.48565,79.28407139,9.573507888,84.27319478,5.531056886,3.208467028,14.38099527,1.188728833,13.98133703,32.43982718,18.98082889,37.7061177
"Phoenix, AZ","Black","Male",187.9317442,30.5620894,28.34552701,567.7104571,451.3902328,75.20200571,1734.219434,16184.47956,70.30425729,62.69595139,280.3633196,46.32197575,52.58933427,14.28841004,7.864351715,0,73.78733181,23.00483311,115.8730015
"Los Angeles, CA","Black","Male",263.4026947,51.30965678,24.88750976,575.6416068,444.0331841,77.59003562,1563.750215,17809.89818,66.41449073,59.88610573,242.1259493,29.24990318,57.29849952,22.87490565,14.23028849,18.1207984,83.62535276,13.74568573,123.4370665
"San Diego, CA","Black","Male",250.6307174,45.84141488,0,363.3544131,258.8551516,57.48291242,1180.488091,13055.9243,70.93272681,22.65899054,170.1579841,18.14293081,22.57954425,0,0,0,64.70731074,12.64923379,104.709291
"San Jose, CA","Black","Male",316.6179184,67.95248561,0,597.3757931,342.8307223,0,1676.790201,10181.5009,0,0,204.7046023,0,0,0,0,0,40.29045254,0,96.91127739
"Washington, DC","Black","Male",221.3716149,41.33002889,25.30382906,456.8744141,359.5881192,40.663179,1531.013246,21799.36743,65.25294124,128.8133481,396.6903812,24.43175801,133.3215437,17.64624132,18.89111561,19.04377667,153.0260595,15.04733248,197.7407087
"Indianapolis, IN","Black","Male",262.9844787,68.82172127,27.76304217,398.7944186,301.0051286,51.64960261,1631.760027,24772.32041,63.66845405,130.5434909,379.4017087,40.89371391,115.7556697,11.40144598,7.186466862,0,130.484043,18.02063672,160.1042622
"Boston, MA","Black","Male",211.381113,36.0634404,0,261.6679317,188.7220587,46.26670065,1185.539593,15571.09989,69.47394079,32.94955761,237.7749669,19.53080891,34.71407673,0,7.109104179,0,122.080867,14.43335542,153.2213409
"Minneapolis, MN","Black","Male",221.8665531,34.43668619,21.65120068,295.3815818,186.7120642,66.28088286,1377.812402,21169.1057,65.68231968,68.79081487,392.3563948,19.63289342,75.03631492,0,0,0,209.1966843,17.76723033,256.0953488
"New York City, NY","Black","Male",155.6228701,28.12752131,17.44560589,359.8274833,295.7779204,38.90438522,1020.034443,12349.24307,73.33511695,21.62715381,153.4911488,8.556557329,25.82692002,23.71257105,12.77765283,9.781969466,74.38358073,11.94646831,90.85358432
"Cleveland, OH","Black","Male",203.5350867,41.91973391,26.20134262,422.7489738,349.9209107,42.54393974,1459.861152,24427.7576,64.06050036,156.0276724,387.0373491,28.65435896,143.6747447,9.547292699,9.128438435,0,111.3071641,32.79427347,139.3742561
"Oklahoma City, OK","Black","Male",243.3368091,41.70318066,30.52792625,476.0240785,372.3519705,80.32113781,1615.115298,18838.49552,67.57062553,65.02752661,244.9895235,47.73530876,59.63115778,22.11843309,0,0,48.1591449,15.35777678,86.63710624
"Memphis, TN","Black","Male",277.3767022,68.06970412,0,531.7853139,401.9564521,65.89820675,1842.656669,28932.03224,61.0807303,153.2831252,416.5690401,71.26494126,139.0226844,25.23682024,12.81848143,26.41265221,123.0346827,23.60079984,143.0016532
"Austin, TX","Black","Male",207.2863404,41.04850483,21.91561462,361.4566141,286.386109,52.48747952,1242.232177,16027.23134,70.30539159,46.02451505,211.2448686,29.73383936,41.74454216,0,0,0,43.58241619,21.05084461,90.84857537
"El Paso, TX","Black","Male",195.6305424,0,0,312.6755835,252.3948572,0,1151.597802,9352.958531,0,31.56283188,124.383386,0,0,0,0,0,0,0,0
"San Antonio, TX","Black","Male",244.8512561,61.34472485,0,566.2200859,435.2377185,79.51823664,1839.39741,18531.97177,66.99150194,90.4809197,224.8047304,23.86190888,67.19858069,25.52088906,0,0,23.82980105,33.51238583,68.99054696
"Milwaukee, WI","Black","Male",286.4499195,68.5713396,28.65424425,508.1398531,393.0491706,59.33099109,1874.746936,27821.76757,61.47195417,154.9608676,495.9644232,40.1964941,137.5241291,15.51762963,0,0,183.50496,29.12879604,223.4717241
"Las Vegas, NV","Black","Male",196.9971565,36.53771583,17.20870192,456.9736179,359.0552975,45.77094257,1279.982889,16375.77237,68.56957964,53.12480842,208.8813202,31.02768776,43.49131862,28.13473515,7.558822895,13.80307818,46.67680886,27.90071659,79.03748956
"San Antonio, TX","Asian/PI","Male",161.2224943,30.73705433,0,186.0302006,145.82951,32.07648535,696.1414134,6405.530636,0,0,65.44415689,0,0,0,0,0,0,0,0
"Philadelphia, PA","Asian/PI","Male",118.514171,35.44097056,13.34454246,145.8884267,109.3084932,16.10781774,559.2137922,5284.901848,83.08688041,9.738131644,66.74127527,8.242577882,10.09336698,0,0,0,19.65658026,12.66395084,22.1376844
"Boston, MA","Asian/PI","Male",161.9939179,49.6578727,12.67005701,117.8207534,81.92950906,0,496.5656872,2828.245658,81.94321478,0,29.82794861,0,0,0,0,0,0,0,0
"Indianapolis, IN","Asian/PI","Male",103.4711151,0,0,159.0786299,80.82932129,0,506.6349788,6755.536,0,0,89.95337479,0,0,0,0,0,0,0,0
"Phoenix, AZ","Asian/PI","Male",133.2846282,0,0,194.0983784,136.0603009,0,596.7431358,5853.675644,0,0,78.62957817,0,0,0,0,0,18.30711272,0,32.10387343
"Los Angeles, CA","White","Female",109.8325831,0,8.855935348,165.9555898,123.5755121,14.01502183,510.4772021,3215.870795,85.68493803,1.788310103,30.04013602,2.466374809,0,10.05515819,0,7.698673641,11.03837363,7.259855918,16.80665551
"Las Vegas, NV","Asian/PI","Female",95.54795384,18.75576745,10.95553129,139.0685668,91.64858657,13.91195141,420.4804018,2897.323275,87.05415037,0,18.61411045,0,0,10.17491859,0,5.617949399,0,5.005414899,3.523964062
"Washington, DC","Hispanic","Male",98.90727515,0,0,149.1882748,104.4297628,0,516.3502114,5888.599673,0,0,85.07739516,0,0,0,0,0,23.67500753,0,33.29200941
"Seattle, WA","Hispanic","Male",113.4118703,0,0,187.8496281,120.7525574,39.39366867,767.452282,8212.611365,0,16.68077751,173.833204,0,12.50067439,0,0,0,104.354515,0,121.2830284
"Dallas, TX","Hispanic","Male",116.7792739,17.37510538,14.53165328,178.8164477,125.9026265,30.6343632,696.3063825,7585.604497,79.70298593,22.20724203,102.1640964,19.83361486,15.87965076,0,2.223726297,11.17462982,14.11156905,15.2309476,25.66174077
"Austin, TX","Asian/PI","Female",83.3206573,0,0,89.6910463,52.25840911,0,385.327168,1535.265324,0,0,21.18269152,0,0,0,0,0,0,0,0
"New York City, NY","Hispanic","Male",106.2778394,16.05375355,9.862749365,205.4493219,164.936626,23.69587595,669.8176276,7515.853964,80.02148357,6.915443604,111.3336744,7.807275345,8.529595088,17.60067637,4.681375587,9.008357291,59.19046312,9.021805909,68.89367905
"Detroit, MI","Hispanic","Male",177.4288465,0,0,306.7214251,217.827797,0,1183.482983,10651.14313,0,29.77366505,133.4434821,23.97776893,20.7808715,0,0,0,42.3158988,0,55.58105177
"Cleveland, OH","Asian/PI","Female",116.5135816,0,0,87.27304408,0,0,372.6877919,4525.560018,0,0,0,0,0,0,0,0,0,0,0
"Los Angeles, CA","Hispanic","Male",130.9657701,14.40133412,13.99990247,222.7356791,168.9227603,56.02217537,783.8743425,8866.942133,77.61538103,16.06030171,102.4731092,19.06049699,15.39647051,18.67419294,4.729585894,12.85854356,29.61063827,10.40281512,41.19310063
"Indianapolis, IN","Asian/PI","Female",135.5641144,0,0,231.3997566,134.7412183,0,805.1940499,3308.924849,0,0,0,0,0,0,0,0,0,0,0
"San Francisco, CA","Asian/PI","Female",88.20935336,18.46089996,7.592205367,124.3900235,75.60135295,13.15508885,343.1624777,2024.537403,87.99074731,0,17.90975452,0,0,3.953065909,0,5.422029732,3.750767292,3.971921632,4.648139165
"Los Angeles, CA","Asian/PI","Female",83.76369018,12.3027784,8.126012653,105.3186349,68.13102107,19.71238308,330.8857921,2295.317212,90.15465844,0,15.63210844,2.122623987,0,9.471989656,0,4.150663038,2.170213787,4.095777361,3.782220683
"San Diego, CA","Asian/PI","Female",88.87366913,19.36758251,6.385573959,121.7089731,70.89655652,21.4532829,369.8097549,2154.147853,89.18991931,0,17.18281919,0,0,2.853749849,0,0,0,3.331311898,5.313116137
"Phoenix, AZ","Asian/PI","Female",80.38283669,14.62256644,0,89.52590421,58.14048205,12.5430159,307.1909401,1868.892483,0,0,16.67967663,0,0,0,0,0,0,0,0
"Denver, CO","Asian/PI","Female",115.2417804,0,0,0,0,0,0,2324.777076,0,0,87.98338456,0,0,0,0,0,0,0,0
"Tucson, AZ","Hispanic","Male",216.0808919,27.63274957,19.1952194,303.8799672,225.4105652,62.38722986,1245.473574,13252.70985,70.55349969,35.98838526,208.5003162,24.8786877,22.76699873,17.98492765,0,21.08333621,69.25618619,26.98301679,99.21686422
"Boston, MA","Asian/PI","Female",86.99981607,18.31674927,0,72.65406943,44.22924456,0,294.732288,1048.80851,0,0,11.85931293,0,0,0,0,0,0,0,0
"San Francisco, CA","Hispanic","Male",105.6894615,15.39168168,9.400379002,178.16881,133.8340094,31.48656922,675.9858836,8778.665831,77.74569588,6.691685245,162.7588927,14.51122609,9.509973725,0,0,0,95.09429716,8.762957152,118.4336721
"Kansas City, MO","Asian/PI","Female",115.5678239,0,0,205.0659804,0,0,0,4614.294135,0,0,0,0,0,0,0,0,0,0,0
"Portland, OR","Asian/PI","Female",129.9636755,25.45484587,0,145.7489913,71.83453298,33.17231969,587.2164678,4896.233374,82.45780329,0,33.12402855,0,0,0,0,0,0,0,0
"Indianapolis, IN","Hispanic","Male",91.23154147,0,0,87.75394363,65.15563531,39.08195631,567.459709,9965.175986,79.75789297,29.29533073,159.1323427,30.742533,22.23730494,0,0,0,51.96439716,16.13106475,63.83480386
"Charlotte, NC","Asian/PI","Female",96.78866168,0,0,152.6751465,98.53064398,0,428.4091933,2047.378371,0,0,0,0,0,0,0,0,0,0,0
"Chicago, IL","Hispanic","Male",112.6895414,11.88512796,11.59531544,175.2027286,128.6646787,28.14992645,650.8521403,8080.589545,81.73902185,21.37538122,103.5620052,12.25578447,19.44111092,12.78202515,0,9.419217464,37.35949374,10.0622877,45.50368613
"San Antonio, TX","Asian/PI","Female",120.8191497,23.61592927,0,147.8993203,87.23523929,28.15453944,507.2610982,4544.847296,0,0,26.98246131,0,0,0,0,0,0,0,0
"Cleveland, OH","Hispanic","Male",172.2412375,0,0,375.5091132,272.9653065,51.41639826,1232.741204,11474.85702,0,32.95908064,203.6222111,0,21.04108484,0,0,0,91.9219349,21.90266022,99.07964689
"Philadelphia, PA","Asian/PI","Female",70.91607265,9.712181224,0,102.550497,64.94160313,20.71488854,365.0304264,2113.728142,88.49902208,0,18.46520706,0,0,10.18307284,0,0,0,0,0
"Austin, TX","Hispanic","Male",129.4690992,13.92486334,15.39284478,182.2798266,139.7013172,19.76672935,711.8059666,7651.568435,79.26940579,17.66764734,106.0611684,17.65491987,11.15630449,11.44429352,0,0,19.43062294,12.61719459,32.93165491
"Dallas, TX","Asian/PI","Female",97.54144012,0,0,73.48246886,48.31187229,0,376.0633159,2276.180964,0,0,0,0,0,0,0,0,0,0,0
"Seattle, WA","Asian/PI","Female",93.17585865,22.9214234,10.57146489,79.66900736,43.69359651,16.99171666,327.0913232,2392.86756,86.6414834,0,23.6580373,0,0,0,0,0,5.852167701,9.08291139,8.830941047
"Las Vegas, NV","Hispanic","Male",116.7739875,15.72414987,14.51591968,204.8007609,156.2176462,32.8809539,711.0468873,7400.826972,80.24850727,20.93288085,97.57137416,15.99113791,12.8824894,14.84302695,2.202140546,11.34249734,19.84426238,18.04153679,29.84063059
"Phoenix, AZ","White","Female",112.1760455,22.74484282,9.547066459,153.9553846,111.5229391,12.80105254,592.6176887,4836.605147,83.06950695,5.496640659,61.73995682,7.946882285,3.785273662,7.035412892,0,8.189021083,19.44122307,9.072559965,27.53925425
"Long Beach, CA","White","Female",140.400118,21.51689857,13.4614434,230.1709938,177.4672882,13.13798817,701.153594,4810.820375,82.70959643,0,50.03540331,0,0,12.19894951,0,11.3725803,21.16351045,8.023029307,29.54414637
"Los Angeles, CA","Asian/PI","Male",112.8174086,25.41464517,14.80844357,187.1968001,132.1145012,34.86888707,542.0028312,4160.697192,82.59387488,3.86648491,40.32138505,4.701849796,0,17.9624043,0,13.72572906,8.506435048,10.90847503,14.84845672
"San Francisco, CA","Asian/PI","Male",125.9582737,34.46746535,10.90843625,182.0751154,127.3268819,28.87411885,563.2357392,3958.529035,83.09072334,5.046526559,57.72892882,5.206656188,0,6.002271995,0,12.27798415,16.1079225,8.658525719,24.31495669
"Denver, CO","Asian/PI","Male",126.5890365,0,0,104.8501076,74.558969,0,492.1298057,5287.494908,0,0,72.51296386,0,0,0,0,0,0,0,0
"Kansas City, MO","Asian/PI","Male",124.7964144,0,0,198.0313716,159.629383,0,685.5613974,8309.781212,0,0,99.03537848,0,0,0,0,0,0,0,0
"San Jose, CA","Asian/PI","Male",103.4068727,21.54633709,10.22315774,162.7350387,96.36790137,24.48820628,484.5447044,3356.315111,84.96383919,0,39.46472664,8.320042187,0,5.793932044,0,10.77249058,3.780487196,7.949016297,10.61679517
"Portland, OR","Asian/PI","Male",155.2534866,32.18421434,18.49306751,209.6761986,150.9525673,38.490063,783.7116537,9016.886279,75.76036736,0,107.1217499,0,0,0,0,0,31.58844473,27.73809022,38.68280705
"Dallas, TX","Asian/PI","Male",122.2991166,0,0,135.5604439,105.7730299,0,500.592132,4838.420067,0,0,56.79882841,0,0,0,0,0,0,21.29779041,0
"Memphis, TN","White","Female",128.5874814,34.81247894,9.62112936,208.5929012,148.9440837,15.88157235,828.1330691,8259.549683,77.71397859,12.9612594,109.7505739,14.10019595,0,16.97118587,0,10.58969361,46.08613726,15.0590731,58.6318301
"Milwaukee, WI","Black","Female",0,39.6875264,14.10715285,0,0,40.03499375,0,13311.95038,73.80000815,27.35514399,142.1272239,15.05115628,30.18148821,14.71736179,0,12.29594163,51.13593727,0,63.84797945
"San Antonio, TX","White","Female",0,31.90861713,13.89819449,232.0533023,169.6365295,21.34633349,0,8405.470185,76.45740562,10.44022149,72.65140693,6.750375963,5.773552867,10.60388146,0,11.80900801,11.35810846,16.3829795,26.43294714
"Charlotte, NC","White","Female",0,22.4325887,8.552199184,141.2054464,96.47495527,10.45739249,584.0107871,3260.239306,84.17246183,3.46682939,40.81415902,3.581739183,0,5.884503739,0,9.91359853,15.36796561,8.1158196,19.28675091
"Tucson, AZ","White","Female",0,39.49848147,14.04301338,0,184.5379019,0,0,9035.821236,75.49661987,7.04306849,109.2484786,10.11054913,4.478873757,11.2659358,0,15.48711573,34.79467314,14.62179484,55.90898317
"Seattle, WA","Black","Female",0,30.75564857,0,299.5754116,225.9293281,41.2841925,0,14139.50271,72.75511163,0,133.943577,0,0,0,0,0,79.79887234,0,98.34070485
"San Francisco, CA","White","Male",0,22.78408627,13.67458591,219.9256978,169.2395542,15.84388333,721.4475474,6032.92259,79.74910834,4.541240795,140.1652869,6.449002358,0,9.649051259,9.196446071,6.523636542,70.83323461,20.84296264,91.63884558
"Portland, OR","Hispanic","Male",0,34.64051745,0,271.9181634,165.7863229,59.42585186,0,10630.13647,71.80275459,23.22874393,190.8308939,0,15.31131311,0,0,0,68.53223985,28.42264678,78.92319562
"Portland, OR","Black","Male",0,42.09719844,0,563.8499319,380.8943501,64.98102819,0,25639.32297,62.99551912,117.0592906,427.157123,28.6793331,121.0095672,0,0,0,169.3277935,31.90259218,236.484561
"New York City, NY","White","Male",0,24.48530187,12.65506602,237.4996823,201.8133459,16.08624385,668.9822723,5608.563005,81.62186063,2.309948303,74.11362681,3.722206808,1.84045974,19.40614801,2.100131711,11.34079774,35.70816159,12.77665535,43.04525348
"Tucson, AZ","White","Male",0,56.00925856,0,0,0,0,0,15194.65916,68.69726894,46.35274358,253.9983275,33.48459344,10.36989023,18.86621319,3.697186196,23.01557863,80.1922229,58.29330215,111.1715757
"Austin, TX","Black","Female",0,0,17.64135933,201.1597378,146.6118536,0,710.2182858,10440.22709,78.16124498,0,57.9664903,0,0,0,0,0,16.63975625,0,25.84372976
"New York City, NY","White","Female",0,0,8.662042188,160.0205071,129.3844524,8.669444425,0,2955.307834,86.72784372,0,27.32163913,1.876588226,0.598185876,12.24331675,0,8.071061757,10.52052408,4.653747101,13.65120873
"New York City, NY","Black","Female",0,0,12.0318793,225.974695,175.159856,24.65814917,0,6776.363941,82.02191,2.379064912,46.04039966,2.904670917,4.617964077,16.42635185,4.150667566,8.56670202,22.2160226,3.392367333,27.23574717
"El Paso, TX","Black","Female",0,0,0,297.8804832,226.7115381,0,1003.615721,8378.404121,0,0,73.23857228,0,0,0,0,0,0,0,0
"Minneapolis, MN","Asian/PI","Female",0,0,0,113.0344272,0,0,402.3879308,3813.625327,0,0,0,0,0,0,0,0,0,0,0
"San Jose, CA","Black","Female",0,0,0,203.7870506,0,0,0,5930.543523,0,0,48.36767488,0,0,0,0,0,0,0,0
"Columbus, OH","Asian/PI","Female",0,0,0,159.3178028,98.1496661,0,509.3923969,2529.394947,0,0,31.32388091,0,0,0,0,0,0,0,0
"Baltimore, MD","Hispanic","Male",0,0,0,137.3743938,79.54599384,0,572.5774226,13314.04491,0,38.26935348,235.5980325,0,35.98622071,0,0,0,131.8205219,0,142.0831214
"Washington, DC","Asian/PI","Male",0,0,0,326.2752998,0,0,1110.375029,1673.855484,0,0,0,0,0,0,0,0,0,0,0
"Austin, TX","Asian/PI","Male",0,0,0,109.5691572,70.59039964,0,336.8384185,2914.222867,0,0,25.29691358,0,0,0,0,0,0,12.11729148,0
"Oakland, CA","White","Female",0,0,0,0,0,11.93609339,0,2624.431607,87.39472465,0,31.56998185,0,0,9.20696915,0,0,0,7.186383917,10.71450509
"Cleveland, OH","Asian/PI","Male",0,0,0,0,0,0,499.2329116,4800.02115,0,0,0,0,0,0,0,0,0,0,0
"Baltimore, MD","Asian/PI","Female",0,0,0,0,0,0,182.8345533,2673.461106,0,0,0,0,0,0,0,0,0,0,0
"Columbus, OH","Hispanic","Male",0,0,0,0,0,0,389.6677985,9061.808335,0,21.2905782,157.5422685,17.93663492,23.04691021,0,0,0,73.35097304,0,87.75299107
"Baltimore, MD","Hispanic","Female",0,0,0,0,0,0,251.2799923,3499.305033,0,0,34.36272352,0,0,0,0,0,0,0,0
"Washington, DC","White","Female",0,0,0,0,0,0,0,1673.349967,91.35414525,0,28.59228304,0,0,0,0,0,4.235961656,4.557258435,8.766734439
"Washington, DC","White","Male",0,0,0,0,0,0,0,2389.040298,87.3313936,0,52.38403689,0,0,0,0,0,12.74765064,7.385860557,16.68152536
"Louisville, KY","Hispanic","Female",0,0,0,0,0,0,0,3912.836225,0,0,43.39929703,0,0,0,0,0,0,0,0
"Louisville, KY","Hispanic","Male",0,0,0,0,0,0,0,7350.319797,0,17.44462202,101.6201591,0,16.06711786,0,0,0,26.24063632,0,30.78845033
"Minneapolis, MN","Hispanic","Female",0,0,0,0,0,0,0,4015.188891,0,0,30.18652464,0,0,0,0,0,0,0,0
"Louisville, KY","Asian/PI","Female",0,0,0,0,0,0,0,4665.501599,0,0,0,0,0,0,0,0,0,0,0
"Tucson, AZ","Black","Male",0,0,0,0,0,0,0,20857.74882,67.30877392,82.27219,0,30.46809853,52.42860992,0,0,0,109.1341191,38.32218341,149.2457179
"Minneapolis, MN","Hispanic","Male",0,0,0,0,0,0,0,9088.029224,0,0,156.1681802,0,0,0,0,0,79.71934313,0,86.59418394
"Louisville, KY","Asian/PI","Male",0,0,0,0,0,0,0,5395.203116,0,0,41.08737803,0,0,0,0,0,0,0,0
"Memphis, TN","Hispanic","Female",0,0,0,0,0,0,0,4192.280801,0,0,38.87852422,0,0,0,0,0,0,0,0
"Detroit, MI","Asian/PI","Female",0,0,0,0,0,0,0,27418.61243,0,0,0,0,0,0,0,0,0,0,0
"Memphis, TN","Asian/PI","Female",0,0,0,0,0,0,0,4151.759942,0,0,0,0,0,0,0,0,0,0,0
"El Paso, TX","Asian/PI","Female",0,0,0,0,0,0,0,6386.80712,0,0,0,0,0,0,0,0,0,0,0
"Milwaukee, WI","Asian/PI","Female",0,0,0,0,0,0,0,4153.175719,0,0,0,0,0,0,0,0,0,0,0
"Oakland, CA","White","Male",0,0,0,0,0,0,0,4622.248303,84.05860842,9.80891098,82.80477311,0,0,0,0,14.07117456,36.44133254,17.85017246,46.41645226
"Detroit, MI","Asian/PI","Male",0,0,0,0,0,0,0,10190.37377,0,0,0,0,0,0,0,0,0,0,0
"Memphis, TN","Asian/PI","Male",0,0,0,0,0,0,0,5095.94884,0,0,0,0,0,0,0,0,0,0,0
"El Paso, TX","Asian/PI","Male",0,0,0,0,0,0,0,11636.76754,0,0,0,0,0,0,0,0,0,0,0
"Milwaukee, WI","Asian/PI","Male",0,0,0,0,0,0,0,9218.391014,0,0,134.2145692,0,0,0,0,0,0,0,0
